cartodb_id,the_geom,number,eachdate
1,,7,2010-01-01
2,,1,2010-01-02
3,,3,2010-01-03
4,,33,2010-01-04
5,,66,2010-01-05
6,,57,2010-01-06
7,,201,2010-01-07
8,,39,2010-01-08
9,,1,2010-01-09
10,,5,2010-01-10
11,,60,2010-01-11
12,,101,2010-01-12
13,,124,2010-01-13
14,,103,2010-01-14
15,,123,2010-01-15
16,,7,2010-01-16
17,,1,2010-01-17
18,,16,2010-01-18
19,,114,2010-01-19
20,,52,2010-01-20
21,,292,2010-01-21
22,,166,2010-01-22
23,,9,2010-01-23
24,,6,2010-01-24
25,,249,2010-01-25
26,,61,2010-01-26
27,,122,2010-01-27
28,,51,2010-01-28
29,,45,2010-01-29
30,,2,2010-01-30
31,,9,2010-01-31
32,,50,2010-02-01
33,,141,2010-02-02
34,,108,2010-02-03
35,,100,2010-02-04
36,,126,2010-02-05
37,,12,2010-02-06
38,,7,2010-02-07
39,,97,2010-02-08
40,,71,2010-02-09
41,,13,2010-02-10
42,,12,2010-02-11
43,,30,2010-02-12
44,,4,2010-02-13
45,,1,2010-02-14
46,,11,2010-02-15
47,,28,2010-02-16
48,,67,2010-02-17
49,,45,2010-02-18
50,,65,2010-02-19
51,,12,2010-02-20
52,,1,2010-02-21
53,,110,2010-02-22
54,,113,2010-02-23
55,,42,2010-02-24
56,,46,2010-02-25
57,,22,2010-02-26
58,,4,2010-02-27
59,,9,2010-02-28
60,,44,2010-03-01
61,,158,2010-03-02
62,,87,2010-03-03
63,,112,2010-03-04
64,,71,2010-03-05
65,,5,2010-03-06
66,,7,2010-03-07
67,,50,2010-03-08
68,,45,2010-03-09
69,,81,2010-03-10
70,,70,2010-03-11
71,,126,2010-03-12
72,,5,2010-03-13
73,,15,2010-03-14
74,,91,2010-03-15
75,,71,2010-03-16
76,,76,2010-03-17
77,,68,2010-03-18
78,,86,2010-03-19
79,,9,2010-03-20
80,,9,2010-03-21
81,,46,2010-03-22
82,,41,2010-03-23
83,,78,2010-03-24
84,,50,2010-03-25
85,,60,2010-03-26
86,,4,2010-03-27
87,,15,2010-03-28
88,,15,2010-03-29
89,,45,2010-03-30
90,,46,2010-03-31
91,,83,2010-04-01
92,,90,2010-04-02
93,,9,2010-04-03
94,,4,2010-04-04
95,,52,2010-04-05
96,,94,2010-04-06
97,,167,2010-04-07
98,,138,2010-04-08
99,,139,2010-04-09
100,,12,2010-04-10
101,,14,2010-04-11
102,,118,2010-04-12
103,,161,2010-04-13
104,,117,2010-04-14
105,,124,2010-04-15
106,,91,2010-04-16
107,,13,2010-04-17
108,,13,2010-04-18
109,,70,2010-04-19
110,,97,2010-04-20
111,,158,2010-04-21
112,,175,2010-04-22
113,,90,2010-04-23
114,,20,2010-04-24
115,,9,2010-04-25
116,,76,2010-04-26
117,,104,2010-04-27
118,,255,2010-04-28
119,,102,2010-04-29
120,,67,2010-04-30
121,,12,2010-05-01
122,,9,2010-05-02
123,,94,2010-05-03
124,,113,2010-05-04
125,,145,2010-05-05
126,,180,2010-05-06
127,,182,2010-05-07
128,,9,2010-05-08
129,,13,2010-05-09
130,,151,2010-05-10
131,,192,2010-05-11
132,,133,2010-05-12
133,,139,2010-05-13
134,,130,2010-05-14
135,,20,2010-05-15
136,,7,2010-05-16
137,,152,2010-05-17
138,,145,2010-05-18
139,,135,2010-05-19
140,,107,2010-05-20
141,,146,2010-05-21
142,,11,2010-05-22
143,,12,2010-05-23
144,,88,2010-05-24
145,,41,2010-05-25
146,,41,2010-05-26
147,,160,2010-05-27
148,,47,2010-05-28
149,,13,2010-05-29
150,,5,2010-05-30
151,,8,2010-05-31
152,,90,2010-06-01
153,,42,2010-06-02
154,,28,2010-06-03
155,,62,2010-06-04
156,,9,2010-06-05
157,,9,2010-06-06
158,,76,2010-06-07
159,,29,2010-06-08
160,,85,2010-06-09
161,,60,2010-06-10
162,,95,2010-06-11
163,,8,2010-06-12
164,,6,2010-06-13
165,,99,2010-06-14
166,,105,2010-06-15
167,,93,2010-06-16
168,,75,2010-06-17
169,,73,2010-06-18
170,,13,2010-06-19
171,,2,2010-06-20
172,,55,2010-06-21
173,,60,2010-06-22
174,,78,2010-06-23
175,,61,2010-06-24
176,,95,2010-06-25
177,,4,2010-06-26
178,,6,2010-06-27
179,,102,2010-06-28
180,,88,2010-06-29
181,,108,2010-06-30
182,,139,2010-07-01
183,,84,2010-07-02
184,,6,2010-07-03
185,,4,2010-07-04
186,,26,2010-07-05
187,,93,2010-07-06
188,,136,2010-07-07
189,,116,2010-07-08
190,,41,2010-07-09
191,,5,2010-07-10
192,,30,2010-07-11
193,,197,2010-07-12
194,,176,2010-07-13
195,,55,2010-07-14
196,,31,2010-07-15
197,,43,2010-07-16
198,,120,2010-07-17
199,,4,2010-07-18
200,,52,2010-07-19
201,,81,2010-07-20
202,,58,2010-07-21
203,,51,2010-07-22
204,,36,2010-07-23
205,,7,2010-07-24
206,,13,2010-07-25
207,,49,2010-07-26
208,,39,2010-07-27
209,,65,2010-07-28
210,,67,2010-07-29
211,,18,2010-07-30
212,,14,2010-07-31
213,,21,2010-08-01
214,,49,2010-08-02
215,,44,2010-08-03
216,,88,2010-08-04
217,,83,2010-08-05
218,,63,2010-08-06
219,,11,2010-08-07
220,,3,2010-08-08
221,,47,2010-08-09
222,,56,2010-08-10
223,,93,2010-08-11
224,,50,2010-08-12
225,,159,2010-08-13
226,,5,2010-08-14
227,,6,2010-08-15
228,,44,2010-08-16
229,,104,2010-08-17
230,,50,2010-08-18
231,,70,2010-08-19
232,,48,2010-08-20
233,,24,2010-08-21
234,,3,2010-08-22
235,,74,2010-08-23
236,,26,2010-08-24
237,,34,2010-08-25
238,,48,2010-08-26
239,,54,2010-08-27
240,,3,2010-08-28
241,,20,2010-08-29
242,,21,2010-08-30
243,,48,2010-08-31
244,,85,2010-09-01
245,,81,2010-09-02
246,,63,2010-09-03
247,,7,2010-09-04
248,,4,2010-09-05
249,,24,2010-09-06
250,,52,2010-09-07
251,,78,2010-09-08
252,,64,2010-09-09
253,,97,2010-09-10
254,,7,2010-09-11
255,,5,2010-09-12
256,,33,2010-09-13
257,,71,2010-09-14
258,,122,2010-09-15
259,,70,2010-09-16
260,,79,2010-09-17
261,,9,2010-09-18
262,,5,2010-09-19
263,,106,2010-09-20
264,,45,2010-09-21
265,,33,2010-09-22
266,,56,2010-09-23
267,,64,2010-09-24
268,,5,2010-09-25
269,,22,2010-09-26
270,,77,2010-09-27
271,,33,2010-09-28
272,,19,2010-09-29
273,,46,2010-09-30
274,,103,2010-10-01
275,,18,2010-10-02
276,,37,2010-10-03
277,,25,2010-10-04
278,,45,2010-10-05
279,,63,2010-10-06
280,,89,2010-10-07
281,,59,2010-10-08
282,,14,2010-10-09
283,,8,2010-10-10
284,,15,2010-10-11
285,,59,2010-10-12
286,,54,2010-10-13
287,,57,2010-10-14
288,,40,2010-10-15
289,,10,2010-10-16
290,,10,2010-10-17
291,,31,2010-10-18
292,,76,2010-10-19
293,,75,2010-10-20
294,,67,2010-10-21
295,,36,2010-10-22
296,,16,2010-10-23
297,,5,2010-10-24
298,,48,2010-10-25
299,,36,2010-10-26
300,,91,2010-10-27
301,,79,2010-10-28
302,,41,2010-10-29
303,,8,2010-10-30
304,,4,2010-10-31
305,,59,2010-11-01
306,,21,2010-11-02
307,,46,2010-11-03
308,,330,2010-11-04
309,,43,2010-11-05
310,,12,2010-11-06
311,,6,2010-11-07
312,,66,2010-11-08
313,,86,2010-11-09
314,,84,2010-11-10
315,,12,2010-11-11
316,,61,2010-11-12
317,,9,2010-11-13
318,,8,2010-11-14
319,,35,2010-11-15
320,,44,2010-11-16
321,,93,2010-11-17
322,,43,2010-11-18
323,,30,2010-11-19
324,,6,2010-11-20
325,,2,2010-11-21
326,,41,2010-11-22
327,,43,2010-11-23
328,,41,2010-11-24
329,,4,2010-11-25
330,,35,2010-11-26
331,,2,2010-11-27
332,,12,2010-11-28
333,,31,2010-11-29
334,,31,2010-11-30
335,,39,2010-12-01
336,,67,2010-12-02
337,,42,2010-12-03
338,,5,2010-12-04
339,,5,2010-12-05
340,,29,2010-12-06
341,,56,2010-12-07
342,,58,2010-12-08
343,,49,2010-12-09
344,,33,2010-12-10
345,,10,2010-12-11
346,,29,2010-12-13
347,,41,2010-12-14
348,,67,2010-12-15
349,,40,2010-12-16
350,,40,2010-12-17
351,,3,2010-12-18
352,,4,2010-12-19
353,,34,2010-12-20
354,,58,2010-12-21
355,,30,2010-12-22
356,,37,2010-12-23
357,,1,2010-12-24
358,,3,2010-12-25
359,,1,2010-12-26
360,,1,2010-12-27
361,,8,2010-12-28
362,,15,2010-12-29
363,,8,2010-12-30
364,,4,2010-12-31
365,,3,2011-01-01
366,,5,2011-01-02
367,,38,2011-01-03
368,,58,2011-01-04
369,,46,2011-01-05
370,,53,2011-01-06
371,,27,2011-01-07
372,,10,2011-01-08
373,,10,2011-01-09
374,,29,2011-01-10
375,,44,2011-01-11
376,,20,2011-01-12
377,,37,2011-01-13
378,,34,2011-01-14
379,,7,2011-01-15
380,,13,2011-01-16
381,,8,2011-01-17
382,,37,2011-01-18
383,,46,2011-01-19
384,,66,2011-01-20
385,,25,2011-01-21
386,,11,2011-01-22
387,,8,2011-01-23
388,,52,2011-01-24
389,,42,2011-01-25
390,,22,2011-01-26
391,,13,2011-01-27
392,,27,2011-01-28
393,,4,2011-01-29
394,,6,2011-01-30
395,,46,2011-01-31
396,,51,2011-02-01
397,,44,2011-02-02
398,,33,2011-02-03
399,,69,2011-02-04
400,,7,2011-02-05
401,,3,2011-02-06
402,,51,2011-02-07
403,,57,2011-02-08
404,,43,2011-02-09
405,,47,2011-02-10
406,,44,2011-02-11
407,,12,2011-02-12
408,,7,2011-02-13
409,,44,2011-02-14
410,,50,2011-02-15
411,,56,2011-02-16
412,,66,2011-02-17
413,,63,2011-02-18
414,,23,2011-02-19
415,,35,2011-02-20
416,,11,2011-02-21
417,,53,2011-02-22
418,,62,2011-02-23
419,,25,2011-02-24
420,,52,2011-02-25
421,,8,2011-02-26
422,,15,2011-02-27
423,,29,2011-02-28
424,,58,2011-03-01
425,,94,2011-03-02
426,,49,2011-03-03
427,,60,2011-03-04
428,,15,2011-03-05
429,,9,2011-03-06
430,,61,2011-03-07
431,,33,2011-03-08
432,,69,2011-03-09
433,,75,2011-03-10
434,,50,2011-03-11
435,,6,2011-03-12
436,,16,2011-03-13
437,,37,2011-03-14
438,,64,2011-03-15
439,,52,2011-03-16
440,,54,2011-03-17
441,,48,2011-03-18
442,,14,2011-03-19
443,,10,2011-03-20
444,,33,2011-03-21
445,,29,2011-03-22
446,,38,2011-03-23
447,,30,2011-03-24
448,,53,2011-03-25
449,,6,2011-03-26
450,,6,2011-03-27
451,,56,2011-03-28
452,,33,2011-03-29
453,,20,2011-03-30
454,,25,2011-03-31
455,,32,2011-04-01
456,,11,2011-04-02
457,,15,2011-04-03
458,,46,2011-04-04
459,,68,2011-04-05
460,,28,2011-04-06
461,,249,2011-04-07
462,,91,2011-04-08
463,,31,2011-04-09
464,,8,2011-04-10
465,,46,2011-04-11
466,,131,2011-04-12
467,,54,2011-04-13
468,,105,2011-04-14
469,,130,2011-04-15
470,,4,2011-04-16
471,,9,2011-04-17
472,,97,2011-04-18
473,,155,2011-04-19
474,,137,2011-04-20
475,,94,2011-04-21
476,,104,2011-04-22
477,,14,2011-04-23
478,,8,2011-04-24
479,,86,2011-04-25
480,,68,2011-04-26
481,,50,2011-04-27
482,,74,2011-04-28
483,,19,2011-04-29
484,,26,2011-04-30
485,,11,2011-05-01
486,,48,2011-05-02
487,,77,2011-05-03
488,,124,2011-05-04
489,,107,2011-05-05
490,,74,2011-05-06
491,,20,2011-05-07
492,,13,2011-05-08
493,,22,2011-05-09
494,,19,2011-05-10
495,,117,2011-05-11
496,,58,2011-05-12
497,,109,2011-05-13
498,,19,2011-05-14
499,,13,2011-05-15
500,,81,2011-05-16
501,,85,2011-05-17
502,,64,2011-05-18
503,,83,2011-05-19
504,,23,2011-05-20
505,,31,2011-05-21
506,,15,2011-05-22
507,,55,2011-05-23
508,,47,2011-05-24
509,,100,2011-05-25
510,,36,2011-05-26
511,,63,2011-05-27
512,,5,2011-05-28
513,,10,2011-05-29
514,,5,2011-05-30
515,,108,2011-05-31
516,,43,2011-06-01
517,,31,2011-06-02
518,,33,2011-06-03
519,,53,2011-06-04
520,,7,2011-06-05
521,,56,2011-06-06
522,,39,2011-06-07
523,,37,2011-06-08
524,,49,2011-06-09
525,,49,2011-06-10
526,,9,2011-06-11
527,,6,2011-06-12
528,,33,2011-06-13
529,,80,2011-06-14
530,,29,2011-06-15
531,,57,2011-06-16
532,,57,2011-06-17
533,,14,2011-06-18
534,,3,2011-06-19
535,,49,2011-06-20
536,,54,2011-06-21
537,,34,2011-06-22
538,,24,2011-06-23
539,,53,2011-06-24
540,,15,2011-06-25
541,,14,2011-06-26
542,,36,2011-06-27
543,,94,2011-06-28
544,,53,2011-06-29
545,,18,2011-06-30
546,,27,2011-07-01
547,,15,2011-07-02
548,,4,2011-07-03
549,,5,2011-07-04
550,,59,2011-07-05
551,,132,2011-07-06
552,,41,2011-07-07
553,,62,2011-07-08
554,,25,2011-07-09
555,,10,2011-07-10
556,,98,2011-07-11
557,,87,2011-07-12
558,,94,2011-07-13
559,,104,2011-07-14
560,,94,2011-07-15
561,,23,2011-07-16
562,,3,2011-07-17
563,,84,2011-07-18
564,,69,2011-07-19
565,,123,2011-07-20
566,,76,2011-07-21
567,,58,2011-07-22
568,,31,2011-07-23
569,,4,2011-07-24
570,,40,2011-07-25
571,,50,2011-07-26
572,,34,2011-07-27
573,,61,2011-07-28
574,,83,2011-07-29
575,,9,2011-07-30
576,,71,2011-07-31
577,,42,2011-08-01
578,,58,2011-08-02
579,,55,2011-08-03
580,,48,2011-08-04
581,,55,2011-08-05
582,,17,2011-08-06
583,,8,2011-08-07
584,,48,2011-08-08
585,,51,2011-08-09
586,,49,2011-08-10
587,,141,2011-08-11
588,,82,2011-08-12
589,,9,2011-08-13
590,,3,2011-08-14
591,,62,2011-08-15
592,,61,2011-08-16
593,,65,2011-08-17
594,,48,2011-08-18
595,,33,2011-08-19
596,,9,2011-08-20
597,,11,2011-08-21
598,,23,2011-08-22
599,,155,2011-08-23
600,,40,2011-08-24
601,,112,2011-08-25
602,,19,2011-08-26
603,,5,2011-08-27
604,,2,2011-08-28
605,,21,2011-08-29
606,,38,2011-08-30
607,,65,2011-08-31
608,,122,2011-09-01
609,,85,2011-09-02
610,,27,2011-09-03
611,,5,2011-09-04
612,,21,2011-09-05
613,,74,2011-09-06
614,,37,2011-09-07
615,,62,2011-09-08
616,,53,2011-09-09
617,,13,2011-09-10
618,,6,2011-09-11
619,,35,2011-09-12
620,,61,2011-09-13
621,,40,2011-09-14
622,,95,2011-09-15
623,,63,2011-09-16
624,,18,2011-09-17
625,,8,2011-09-18
626,,54,2011-09-19
627,,59,2011-09-20
628,,40,2011-09-21
629,,45,2011-09-22
630,,34,2011-09-23
631,,9,2011-09-24
632,,8,2011-09-25
633,,25,2011-09-26
634,,104,2011-09-27
635,,30,2011-09-28
636,,43,2011-09-29
637,,23,2011-09-30
638,,3,2011-10-01
639,,8,2011-10-02
640,,32,2011-10-03
641,,40,2011-10-04
642,,46,2011-10-05
643,,46,2011-10-06
644,,50,2011-10-07
645,,14,2011-10-08
646,,9,2011-10-09
647,,10,2011-10-10
648,,64,2011-10-11
649,,11,2011-10-12
650,,92,2011-10-13
651,,68,2011-10-14
652,,4,2011-10-15
653,,1,2011-10-16
654,,42,2011-10-17
655,,169,2011-10-18
656,,75,2011-10-19
657,,27,2011-10-20
658,,110,2011-10-21
659,,19,2011-10-22
660,,4,2011-10-23
661,,38,2011-10-24
662,,32,2011-10-25
663,,116,2011-10-26
664,,61,2011-10-27
665,,15,2011-10-28
666,,2,2011-10-29
667,,6,2011-10-30
668,,109,2011-10-31
669,,34,2011-11-01
670,,70,2011-11-02
671,,40,2011-11-03
672,,124,2011-11-04
673,,15,2011-11-05
674,,10,2011-11-06
675,,116,2011-11-07
676,,11,2011-11-08
677,,56,2011-11-09
678,,53,2011-11-10
679,,27,2011-11-11
680,,14,2011-11-12
681,,14,2011-11-13
682,,38,2011-11-14
683,,91,2011-11-15
684,,105,2011-11-16
685,,83,2011-11-17
686,,51,2011-11-18
687,,22,2011-11-19
688,,17,2011-11-20
689,,31,2011-11-21
690,,69,2011-11-22
691,,41,2011-11-23
692,,20,2011-11-24
693,,39,2011-11-25
694,,16,2011-11-26
695,,14,2011-11-27
696,,27,2011-11-28
697,,17,2011-11-29
698,,46,2011-11-30
699,,40,2011-12-01
700,,45,2011-12-02
701,,12,2011-12-03
702,,2,2011-12-04
703,,9,2011-12-05
704,,87,2011-12-06
705,,43,2011-12-07
706,,52,2011-12-08
707,,53,2011-12-09
708,,20,2011-12-10
709,,8,2011-12-11
710,,39,2011-12-12
711,,50,2011-12-13
712,,36,2011-12-14
713,,47,2011-12-15
714,,55,2011-12-16
715,,18,2011-12-17
716,,3,2011-12-18
717,,54,2011-12-19
718,,84,2011-12-20
719,,62,2011-12-21
720,,78,2011-12-22
721,,19,2011-12-23
722,,7,2011-12-24
723,,12,2011-12-26
724,,42,2011-12-27
725,,33,2011-12-28
726,,43,2011-12-29
727,,29,2011-12-30
728,,7,2011-12-31
729,,19,2012-01-01
730,,16,2012-01-02
731,,21,2012-01-03
732,,44,2012-01-04
733,,48,2012-01-05
734,,16,2012-01-06
735,,19,2012-01-07
736,,7,2012-01-08
737,,46,2012-01-09
738,,53,2012-01-10
739,,44,2012-01-11
740,,33,2012-01-12
741,,29,2012-01-13
742,,9,2012-01-14
743,,9,2012-01-15
744,,10,2012-01-16
745,,38,2012-01-17
746,,46,2012-01-18
747,,19,2012-01-19
748,,30,2012-01-20
749,,4,2012-01-21
750,,13,2012-01-22
751,,17,2012-01-23
752,,42,2012-01-24
753,,39,2012-01-25
754,,44,2012-01-26
755,,45,2012-01-27
756,,24,2012-01-28
757,,10,2012-01-29
758,,31,2012-01-30
759,,18,2012-01-31
760,,32,2012-02-01
761,,27,2012-02-02
762,,47,2012-02-03
763,,22,2012-02-04
764,,4,2012-02-05
765,,54,2012-02-06
766,,23,2012-02-07
767,,61,2012-02-08
768,,54,2012-02-09
769,,62,2012-02-10
770,,25,2012-02-11
771,,3,2012-02-12
772,,33,2012-02-13
773,,29,2012-02-14
774,,21,2012-02-15
775,,35,2012-02-16
776,,13,2012-02-17
777,,7,2012-02-18
778,,10,2012-02-19
779,,8,2012-02-20
780,,23,2012-02-21
781,,38,2012-02-22
782,,36,2012-02-23
783,,27,2012-02-24
784,,12,2012-02-25
785,,18,2012-02-26
786,,34,2012-02-27
787,,18,2012-02-28
788,,21,2012-02-29
789,,27,2012-03-01
790,,17,2012-03-02
791,,8,2012-03-03
792,,35,2012-03-04
793,,29,2012-03-05
794,,35,2012-03-06
795,,18,2012-03-07
796,,32,2012-03-08
797,,37,2012-03-09
798,,35,2012-03-10
799,,6,2012-03-11
800,,27,2012-03-12
801,,31,2012-03-13
802,,46,2012-03-14
803,,77,2012-03-15
804,,40,2012-03-16
805,,17,2012-03-17
806,,18,2012-03-18
807,,36,2012-03-19
808,,77,2012-03-20
809,,82,2012-03-21
810,,62,2012-03-22
811,,33,2012-03-23
812,,15,2012-03-24
813,,22,2012-03-25
814,,43,2012-03-26
815,,66,2012-03-27
816,,61,2012-03-28
817,,69,2012-03-29
818,,54,2012-03-30
819,,14,2012-03-31
820,,18,2012-04-01
821,,35,2012-04-02
822,,3,2012-04-03
823,,49,2012-04-04
824,,78,2012-04-05
825,,46,2012-04-06
826,,34,2012-04-07
827,,6,2012-04-08
828,,20,2012-04-09
829,,38,2012-04-10
830,,91,2012-04-11
831,,158,2012-04-12
832,,152,2012-04-13
833,,4,2012-04-14
834,,4,2012-04-15
835,,335,2012-04-16
836,,141,2012-04-17
837,,243,2012-04-18
838,,147,2012-04-19
839,,224,2012-04-20
840,,4,2012-04-21
841,,4,2012-04-22
842,,91,2012-04-23
843,,72,2012-04-24
844,,76,2012-04-25
845,,73,2012-04-26
846,,63,2012-04-27
847,,10,2012-04-28
848,,1,2012-04-29
849,,38,2012-04-30
850,,28,2012-05-01
851,,23,2012-05-02
852,,15,2012-05-03
853,,161,2012-05-04
854,,12,2012-05-05
855,,3,2012-05-06
856,,90,2012-05-07
857,,97,2012-05-08
858,,102,2012-05-09
859,,86,2012-05-10
860,,23,2012-05-11
861,,3,2012-05-12
862,,5,2012-05-13
863,,136,2012-05-14
864,,60,2012-05-15
865,,63,2012-05-16
866,,62,2012-05-17
867,,98,2012-05-18
868,,9,2012-05-19
869,,9,2012-05-20
870,,173,2012-05-21
871,,57,2012-05-22
872,,31,2012-05-23
873,,24,2012-05-24
874,,30,2012-05-25
875,,9,2012-05-26
876,,16,2012-05-27
877,,5,2012-05-28
878,,37,2012-05-29
879,,48,2012-05-30
880,,38,2012-05-31
881,,25,2012-06-01
882,,7,2012-06-02
883,,8,2012-06-03
884,,75,2012-06-04
885,,30,2012-06-05
886,,37,2012-06-06
887,,90,2012-06-07
888,,32,2012-06-08
889,,11,2012-06-09
890,,10,2012-06-10
891,,108,2012-06-11
892,,71,2012-06-12
893,,143,2012-06-13
894,,97,2012-06-14
895,,75,2012-06-15
896,,13,2012-06-16
897,,5,2012-06-17
898,,46,2012-06-18
899,,53,2012-06-19
900,,74,2012-06-20
901,,25,2012-06-21
902,,21,2012-06-22
903,,6,2012-06-23
904,,13,2012-06-24
905,,36,2012-06-25
906,,54,2012-06-26
907,,35,2012-06-27
908,,43,2012-06-28
909,,42,2012-06-29
910,,1,2012-06-30
911,,6,2012-07-01
912,,169,2012-07-02
913,,38,2012-07-03
914,,5,2012-07-04
915,,96,2012-07-05
916,,86,2012-07-06
917,,6,2012-07-07
918,,24,2012-07-08
919,,120,2012-07-09
920,,80,2012-07-10
921,,108,2012-07-11
922,,66,2012-07-12
923,,42,2012-07-13
924,,25,2012-07-14
925,,15,2012-07-15
926,,53,2012-07-16
927,,54,2012-07-17
928,,87,2012-07-18
929,,63,2012-07-19
930,,60,2012-07-20
931,,15,2012-07-21
932,,6,2012-07-22
933,,81,2012-07-23
934,,41,2012-07-24
935,,114,2012-07-25
936,,164,2012-07-26
937,,72,2012-07-27
938,,6,2012-07-28
939,,22,2012-07-29
940,,92,2012-07-30
941,,120,2012-07-31
942,,43,2012-08-01
943,,86,2012-08-02
944,,28,2012-08-03
945,,10,2012-08-04
946,,18,2012-08-05
947,,65,2012-08-06
948,,105,2012-08-07
949,,38,2012-08-08
950,,145,2012-08-09
951,,72,2012-08-10
952,,4,2012-08-11
953,,4,2012-08-12
954,,74,2012-08-13
955,,69,2012-08-14
956,,89,2012-08-15
957,,68,2012-08-16
958,,67,2012-08-17
959,,21,2012-08-18
960,,34,2012-08-19
961,,26,2012-08-20
962,,71,2012-08-21
963,,86,2012-08-22
964,,142,2012-08-23
965,,67,2012-08-24
966,,19,2012-08-25
967,,25,2012-08-26
968,,17,2012-08-27
969,,46,2012-08-28
970,,13,2012-08-29
971,,68,2012-08-30
972,,19,2012-08-31
973,,4,2012-09-01
974,,18,2012-09-02
975,,16,2012-09-03
976,,36,2012-09-04
977,,47,2012-09-05
978,,86,2012-09-06
979,,48,2012-09-07
980,,9,2012-09-08
981,,7,2012-09-09
982,,37,2012-09-10
983,,62,2012-09-11
984,,49,2012-09-12
985,,27,2012-09-13
986,,14,2012-09-14
987,,15,2012-09-15
988,,20,2012-09-16
989,,39,2012-09-17
990,,42,2012-09-18
991,,91,2012-09-19
992,,85,2012-09-20
993,,48,2012-09-21
994,,8,2012-09-22
995,,24,2012-09-23
996,,90,2012-09-24
997,,39,2012-09-25
998,,41,2012-09-26
999,,105,2012-09-27
1000,,125,2012-09-28
1001,,7,2012-09-29
1002,,29,2012-09-30
1003,,113,2012-10-01
1004,,99,2012-10-02
1005,,72,2012-10-03
1006,,65,2012-10-04
1007,,90,2012-10-05
1008,,14,2012-10-06
1009,,18,2012-10-07
1010,,16,2012-10-08
1011,,76,2012-10-09
1012,,30,2012-10-10
1013,,48,2012-10-11
1014,,37,2012-10-12
1015,,4,2012-10-13
1016,,9,2012-10-14
1017,,30,2012-10-15
1018,,39,2012-10-16
1019,,60,2012-10-17
1020,,46,2012-10-18
1021,,39,2012-10-19
1022,,11,2012-10-20
1023,,25,2012-10-21
1024,,35,2012-10-22
1025,,66,2012-10-23
1026,,46,2012-10-24
1027,,36,2012-10-25
1028,,45,2012-10-26
1029,,9,2012-10-27
1030,,24,2012-10-28
1031,,134,2012-10-29
1032,,2,2012-10-30
1033,,11,2012-10-31
1034,,13,2012-11-01
1035,,5,2012-11-02
1036,,1,2012-11-03
1037,,2,2012-11-04
1038,,12,2012-11-05
1039,,4,2012-11-06
1040,,16,2012-11-07
1041,,8,2012-11-08
1042,,23,2012-11-09
1043,,7,2012-11-10
1044,,26,2012-11-11
1045,,14,2012-11-12
1046,,32,2012-11-13
1047,,20,2012-11-14
1048,,45,2012-11-15
1049,,44,2012-11-16
1050,,2,2012-11-17
1051,,66,2012-11-18
1052,,47,2012-11-19
1053,,29,2012-11-20
1054,,32,2012-11-21
1055,,4,2012-11-22
1056,,11,2012-11-23
1057,,4,2012-11-24
1058,,15,2012-11-25
1059,,38,2012-11-26
1060,,49,2012-11-27
1061,,9,2012-11-28
1062,,10,2012-11-29
1063,,16,2012-11-30
1064,,3,2012-12-01
1065,,13,2012-12-02
1066,,111,2012-12-03
1067,,31,2012-12-04
1068,,11,2012-12-05
1069,,56,2012-12-06
1070,,208,2012-12-07
1071,,4,2012-12-08
1072,,13,2012-12-09
1073,,70,2012-12-10
1074,,41,2012-12-11
1075,,107,2012-12-12
1076,,84,2012-12-13
1077,,42,2012-12-14
1078,,7,2012-12-15
1079,,10,2012-12-16
1080,,21,2012-12-17
1081,,58,2012-12-18
1082,,134,2012-12-19
1083,,33,2012-12-20
1084,,78,2012-12-21
1085,,12,2012-12-22
1086,,5,2012-12-23
1087,,15,2012-12-24
1088,,35,2012-12-26
1089,,22,2012-12-27
1090,,35,2012-12-28
1091,,6,2012-12-29
1092,,13,2012-12-30
1093,,8,2012-12-31
1094,,7,2013-01-01
1095,,89,2013-01-02
1096,,56,2013-01-03
1097,,77,2013-01-04
1098,,16,2013-01-05
1099,,7,2013-01-06
1100,,132,2013-01-07
1101,,53,2013-01-08
1102,,57,2013-01-09
1103,,60,2013-01-10
1104,,61,2013-01-11
1105,,12,2013-01-12
1106,,21,2013-01-13
1107,,47,2013-01-14
1108,,47,2013-01-15
1109,,43,2013-01-16
1110,,66,2013-01-17
1111,,40,2013-01-18
1112,,9,2013-01-19
1113,,9,2013-01-20
1114,,11,2013-01-21
1115,,100,2013-01-22
1116,,21,2013-01-23
1117,,62,2013-01-24
1118,,10,2013-01-25
1119,,5,2013-01-26
1120,,18,2013-01-27
1121,,9,2013-01-28
1122,,14,2013-01-29
1123,,19,2013-01-30
1124,,116,2013-01-31
1125,,46,2013-02-01
1126,,4,2013-02-02
1127,,13,2013-02-03
1128,,80,2013-02-04
1129,,139,2013-02-05
1130,,49,2013-02-06
1131,,75,2013-02-07
1132,,45,2013-02-08
1133,,9,2013-02-09
1134,,11,2013-02-10
1135,,76,2013-02-11
1136,,88,2013-02-12
1137,,65,2013-02-13
1138,,103,2013-02-14
1139,,53,2013-02-15
1140,,22,2013-02-16
1141,,8,2013-02-17
1142,,14,2013-02-18
1143,,65,2013-02-19
1144,,88,2013-02-20
1145,,92,2013-02-21
1146,,131,2013-02-22
1147,,29,2013-02-23
1148,,12,2013-02-24
1149,,32,2013-02-25
1150,,58,2013-02-26
1151,,24,2013-02-27
1152,,20,2013-02-28
1153,,40,2013-03-01
1154,,3,2013-03-02
1155,,9,2013-03-03
1156,,42,2013-03-04
1157,,143,2013-03-05
1158,,137,2013-03-06
1159,,138,2013-03-07
1160,,46,2013-03-08
1161,,29,2013-03-09
1162,,11,2013-03-10
1163,,114,2013-03-11
1164,,72,2013-03-12
1165,,71,2013-03-13
1166,,272,2013-03-14
1167,,121,2013-03-15
1168,,17,2013-03-16
1169,,12,2013-03-17
1170,,82,2013-03-18
1171,,159,2013-03-19
1172,,139,2013-03-20
1173,,83,2013-03-21
1174,,64,2013-03-22
1175,,4,2013-03-23
1176,,24,2013-03-24
1177,,47,2013-03-25
1178,,70,2013-03-26
1179,,17,2013-03-27
1180,,35,2013-03-28
1181,,46,2013-03-29
1182,,5,2013-03-30
1183,,2,2013-03-31
1184,,51,2013-04-01
1185,,98,2013-04-02
1186,,45,2013-04-03
1187,,64,2013-04-04
1188,,39,2013-04-05
1189,,14,2013-04-06
1190,,26,2013-04-07
1191,,47,2013-04-08
1192,,55,2013-04-09
1193,,47,2013-04-10
1194,,28,2013-04-11
1195,,22,2013-04-12
1196,,7,2013-04-13
1197,,16,2013-04-14
1198,,57,2013-04-15
1199,,37,2013-04-16
1200,,38,2013-04-17
1201,,37,2013-04-18
1202,,28,2013-04-19
1203,,18,2013-04-20
1204,,15,2013-04-21
1205,,60,2013-04-22
1206,,68,2013-04-23
1207,,51,2013-04-24
1208,,44,2013-04-25
1209,,66,2013-04-26
1210,,18,2013-04-27
1211,,6,2013-04-28
1212,,42,2013-04-29
1213,,69,2013-04-30
1214,,30,2013-05-01
1215,,39,2013-05-02
1216,,37,2013-05-03
1217,,13,2013-05-04
1218,,10,2013-05-05
1219,,48,2013-05-06
1220,,63,2013-05-07
1221,,17,2013-05-08
1222,,18,2013-05-09
1223,,26,2013-05-10
1224,,2,2013-05-11
1225,,6,2013-05-12
1226,,17,2013-05-13
1227,,12,2013-05-14
1228,,10,2013-05-15
1229,,33,2013-05-16
1230,,10,2013-05-17
1231,,11,2013-05-18
1232,,8,2013-05-19
1233,,26,2013-05-20
1234,,30,2013-05-21
1235,,32,2013-05-22
1236,,22,2013-05-23
1237,,25,2013-05-24
1238,,8,2013-05-25
1239,,8,2013-05-26
1240,,45,2013-05-27
1241,,24,2013-05-28
1242,,15,2013-05-29
1243,,19,2013-05-30
1244,,34,2013-05-31
1245,,6,2013-06-01
1246,,12,2013-06-02
1247,,34,2013-06-03
1248,,36,2013-06-04
1249,,34,2013-06-05
1250,,21,2013-06-06
1251,,13,2013-06-07
1252,,5,2013-06-08
1253,,10,2013-06-09
1254,,22,2013-06-10
1255,,25,2013-06-11
1256,,47,2013-06-12
1257,,48,2013-06-13
1258,,102,2013-06-14
1259,,1,2013-06-15
1260,,13,2013-06-16
1261,,26,2013-06-17
1262,,37,2013-06-18
1263,,51,2013-06-19
1264,,37,2013-06-20
1265,,38,2013-06-21
1266,,7,2013-06-22
1267,,64,2013-06-23
1268,,31,2013-06-24
1269,,36,2013-06-25
1270,,22,2013-06-26
1271,,27,2013-06-27
1272,,30,2013-06-28
1273,,10,2013-06-29
1274,,4,2013-06-30
1275,,39,2013-07-01
1276,,33,2013-07-02
1277,,21,2013-07-03
1278,,57,2013-07-04
1279,,34,2013-07-05
1280,,4,2013-07-06
1281,,7,2013-07-07
1282,,23,2013-07-08
1283,,35,2013-07-09
1284,,70,2013-07-10
1285,,46,2013-07-11
1286,,27,2013-07-12
1287,,14,2013-07-13
1288,,14,2013-07-14
1289,,24,2013-07-15
1290,,38,2013-07-16
1291,,51,2013-07-17
1292,,46,2013-07-18
1293,,58,2013-07-19
1294,,18,2013-07-20
1295,,9,2013-07-21
1296,,16,2013-07-22
1297,,34,2013-07-23
1298,,55,2013-07-24
1299,,39,2013-07-25
1300,,46,2013-07-26
1301,,8,2013-07-27
1302,,17,2013-07-28
1303,,52,2013-07-29
1304,,33,2013-07-30
1305,,48,2013-07-31
1306,,60,2013-08-01
1307,,37,2013-08-02
1308,,81,2013-08-03
1309,,24,2013-08-04
1310,,24,2013-08-05
1311,,133,2013-08-06
1312,,28,2013-08-07
1313,,48,2013-08-08
1314,,18,2013-08-09
1315,,8,2013-08-10
1316,,21,2013-08-11
1317,,30,2013-08-12
1318,,38,2013-08-13
1319,,53,2013-08-14
1320,,19,2013-08-15
1321,,86,2013-08-16
1322,,5,2013-08-17
1323,,13,2013-08-18
1324,,38,2013-08-19
1325,,43,2013-08-20
1326,,23,2013-08-21
1327,,25,2013-08-22
1328,,22,2013-08-23
1329,,6,2013-08-24
1330,,14,2013-08-25
1331,,36,2013-08-26
1332,,22,2013-08-27
1333,,26,2013-08-28
1334,,23,2013-08-29
1335,,22,2013-08-30
1336,,11,2013-08-31
1337,,5,2013-09-01
1338,,13,2013-09-02
1339,,21,2013-09-03
1340,,26,2013-09-04
1341,,25,2013-09-05
1342,,16,2013-09-06
1343,,12,2013-09-07
1344,,16,2013-09-08
1345,,30,2013-09-09
1346,,26,2013-09-10
1347,,17,2013-09-11
1348,,14,2013-09-12
1349,,10,2013-09-13
1350,,8,2013-09-14
1351,,6,2013-09-15
1352,,34,2013-09-16
1353,,11,2013-09-17
1354,,23,2013-09-18
1355,,27,2013-09-19
1356,,10,2013-09-20
1357,,5,2013-09-21
1358,,32,2013-09-22
1359,,26,2013-09-23
1360,,36,2013-09-24
1361,,42,2013-09-25
1362,,43,2013-09-26
1363,,35,2013-09-27
1364,,17,2013-09-28
1365,,36,2013-09-29
1366,,29,2013-09-30
1367,,66,2013-10-01
1368,,81,2013-10-02
1369,,83,2013-10-03
1370,,63,2013-10-04
1371,,8,2013-10-05
1372,,30,2013-10-06
1373,,39,2013-10-07
1374,,70,2013-10-08
1375,,52,2013-10-09
1376,,51,2013-10-10
1377,,67,2013-10-11
1378,,19,2013-10-12
1379,,21,2013-10-13
1380,,30,2013-10-14
1381,,39,2013-10-15
1382,,50,2013-10-16
1383,,57,2013-10-17
1384,,35,2013-10-18
1385,,10,2013-10-19
1386,,10,2013-10-20
1387,,28,2013-10-21
1388,,42,2013-10-22
1389,,49,2013-10-23
1390,,34,2013-10-24
1391,,52,2013-10-25
1392,,8,2013-10-26
1393,,15,2013-10-27
1394,,36,2013-10-28
1395,,40,2013-10-29
1396,,20,2013-10-30
1397,,27,2013-10-31
1398,,27,2013-11-01
1399,,9,2013-11-02
1400,,114,2013-11-03
1401,,128,2013-11-04
1402,,16,2013-11-05
1403,,38,2013-11-06
1404,,47,2013-11-07
1405,,17,2013-11-08
1406,,6,2013-11-09
1407,,21,2013-11-10
1408,,25,2013-11-11
1409,,35,2013-11-12
1410,,16,2013-11-13
1411,,88,2013-11-14
1412,,25,2013-11-15
1413,,24,2013-11-16
1414,,17,2013-11-17
1415,,55,2013-11-18
1416,,32,2013-11-19
1417,,15,2013-11-20
1418,,113,2013-11-21
1419,,11,2013-11-22
1420,,8,2013-11-23
1421,,14,2013-11-24
1422,,53,2013-11-25
1423,,65,2013-11-26
1424,,87,2013-11-27
1425,,3,2013-11-28
1426,,36,2013-11-29
1427,,2,2013-11-30
1428,,12,2013-12-01
1429,,26,2013-12-02
1430,,39,2013-12-03
1431,,30,2013-12-04
1432,,38,2013-12-05
1433,,14,2013-12-06
1434,,9,2013-12-07
1435,,15,2013-12-08
1436,,16,2013-12-09
1437,,29,2013-12-10
1438,,28,2013-12-11
1439,,44,2013-12-12
1440,,43,2013-12-13
1441,,19,2013-12-14
1442,,11,2013-12-15
1443,,20,2013-12-16
1444,,32,2013-12-17
1445,,52,2013-12-18
1446,,41,2013-12-19
1447,,51,2013-12-20
1448,,11,2013-12-21
1449,,15,2013-12-22
1450,,7,2013-12-23
1451,,30,2013-12-24
1452,,8,2013-12-25
1453,,34,2013-12-26
1454,,46,2013-12-27
1455,,15,2013-12-28
1456,,8,2013-12-29
1457,,33,2013-12-30
1458,,93,2013-12-31
1459,,5,2014-01-01
1460,,17,2014-01-02
1461,,13,2014-01-03
1462,,18,2014-01-04
1463,,7,2014-01-05
1464,,26,2014-01-06
1465,,40,2014-01-07
1466,,159,2014-01-08
1467,,125,2014-01-09
1468,,81,2014-01-10
1469,,14,2014-01-11
1470,,29,2014-01-12
1471,,139,2014-01-13
1472,,161,2014-01-14
1473,,69,2014-01-15
1474,,64,2014-01-16
1475,,89,2014-01-17
1476,,11,2014-01-18
1477,,23,2014-01-19
1478,,6,2014-01-20
1479,,117,2014-01-21
1480,,24,2014-01-22
1481,,26,2014-01-23
1482,,19,2014-01-24
1483,,19,2014-01-25
1484,,5,2014-01-26
1485,,37,2014-01-27
1486,,126,2014-01-28
1487,,72,2014-01-29
1488,,30,2014-01-30
1489,,30,2014-01-31
1490,,26,2014-02-01
1491,,21,2014-02-02
1492,,33,2014-02-03
1493,,100,2014-02-04
1494,,104,2014-02-05
1495,,19,2014-02-06
1496,,21,2014-02-07
1497,,6,2014-02-08
1498,,15,2014-02-09
1499,,22,2014-02-10
1500,,33,2014-02-11
1501,,108,2014-02-12
1502,,57,2014-02-13
1503,,86,2014-02-14
1504,,4,2014-02-15
1505,,19,2014-02-16
1506,,29,2014-02-17
1507,,35,2014-02-18
1508,,19,2014-02-19
1509,,30,2014-02-20
1510,,39,2014-02-21
1511,,25,2014-02-22
1512,,11,2014-02-23
1513,,48,2014-02-24
1514,,95,2014-02-25
1515,,86,2014-02-26
1516,,129,2014-02-27
1517,,121,2014-02-28
1518,,26,2014-03-01
1519,,28,2014-03-02
1520,,42,2014-03-03
1521,,102,2014-03-04
1522,,115,2014-03-05
1523,,111,2014-03-06
1524,,60,2014-03-07
1525,,41,2014-03-08
1526,,22,2014-03-09
1527,,90,2014-03-10
1528,,58,2014-03-11
1529,,59,2014-03-12
1530,,78,2014-03-13
1531,,75,2014-03-14
1532,,28,2014-03-15
1533,,44,2014-03-16
1534,,59,2014-03-17
1535,,57,2014-03-18
1536,,63,2014-03-19
1537,,72,2014-03-20
1538,,27,2014-03-21
1539,,36,2014-03-22
1540,,31,2014-03-23
1541,,41,2014-03-24
1542,,53,2014-03-25
1543,,69,2014-03-26
1544,,21,2014-03-27
1545,,37,2014-03-28
1546,,11,2014-03-29
1547,,9,2014-03-30
1548,,52,2014-03-31
1549,,36,2014-04-01
1550,,45,2014-04-02
1551,,52,2014-04-03
1552,,55,2014-04-04
1553,,26,2014-04-05
1554,,14,2014-04-06
1555,,24,2014-04-07
1556,,75,2014-04-08
1557,,43,2014-04-09
1558,,100,2014-04-10
1559,,18,2014-04-11
1560,,10,2014-04-12
1561,,9,2014-04-13
1562,,28,2014-04-14
1563,,14,2014-04-15
1564,,24,2014-04-16
1565,,40,2014-04-17
1566,,16,2014-04-18
1567,,9,2014-04-19
1568,,8,2014-04-20
1569,,19,2014-04-21
1570,,71,2014-04-22
1571,,75,2014-04-23
1572,,74,2014-04-24
1573,,87,2014-04-25
1574,,15,2014-04-26
1575,,10,2014-04-27
1576,,65,2014-04-28
1577,,38,2014-04-29
1578,,51,2014-04-30
1579,,228,2014-05-01
1580,,29,2014-05-02
1581,,20,2014-05-03
1582,,18,2014-05-04
1583,,136,2014-05-05
1584,,136,2014-05-06
1585,,104,2014-05-07
1586,,80,2014-05-08
1587,,39,2014-05-09
1588,,23,2014-05-10
1589,,23,2014-05-11
1590,,95,2014-05-12
1591,,34,2014-05-13
1592,,79,2014-05-14
1593,,91,2014-05-15
1594,,39,2014-05-16
1595,,6,2014-05-17
1596,,18,2014-05-18
1597,,20,2014-05-19
1598,,45,2014-05-20
1599,,163,2014-05-21
1600,,47,2014-05-22
1601,,31,2014-05-23
1602,,6,2014-05-24
1603,,15,2014-05-25
1604,,11,2014-05-26
1605,,60,2014-05-27
1606,,93,2014-05-28
1607,,37,2014-05-29
1608,,66,2014-05-30
1609,,13,2014-05-31
1610,,19,2014-06-01
1611,,22,2014-06-02
1612,,137,2014-06-03
1613,,108,2014-06-04
1614,,113,2014-06-05
1615,,67,2014-06-06
1616,,16,2014-06-07
1617,,10,2014-06-08
1618,,46,2014-06-09
1619,,29,2014-06-10
1620,,107,2014-06-11
1621,,163,2014-06-12
1622,,141,2014-06-13
1623,,5,2014-06-14
1624,,7,2014-06-15
1625,,26,2014-06-16
1626,,57,2014-06-17
1627,,85,2014-06-18
1628,,43,2014-06-19
1629,,42,2014-06-20
1630,,11,2014-06-21
1631,,5,2014-06-22
1632,,34,2014-06-23
1633,,120,2014-06-24
1634,,120,2014-06-25
1635,,35,2014-06-26
1636,,89,2014-06-27
1637,,14,2014-06-28
1638,,19,2014-06-29
1639,,54,2014-06-30
1640,,15,2014-07-01
1641,,36,2014-07-02
1642,,27,2014-07-03
1643,,7,2014-07-04
1644,,32,2014-07-05
1645,,6,2014-07-06
1646,,46,2014-07-07
1647,,52,2014-07-08
1648,,49,2014-07-09
1649,,24,2014-07-10
1650,,41,2014-07-11
1651,,18,2014-07-12
1652,,13,2014-07-13
1653,,30,2014-07-14
1654,,24,2014-07-15
1655,,33,2014-07-16
1656,,98,2014-07-17
1657,,42,2014-07-18
1658,,23,2014-07-19
1659,,16,2014-07-20
1660,,47,2014-07-21
1661,,43,2014-07-22
1662,,52,2014-07-23
1663,,31,2014-07-24
1664,,54,2014-07-25
1665,,7,2014-07-26
1666,,4,2014-07-27
1667,,21,2014-07-28
1668,,27,2014-07-29
1669,,33,2014-07-30
1670,,34,2014-07-31
1671,,16,2014-08-01
1672,,11,2014-08-02
1673,,6,2014-08-03
1674,,14,2014-08-04
1675,,41,2014-08-05
1676,,58,2014-08-06
1677,,36,2014-08-07
1678,,46,2014-08-08
1679,,11,2014-08-09
1680,,8,2014-08-10
1681,,31,2014-08-11
1682,,46,2014-08-12
1683,,17,2014-08-13
1684,,38,2014-08-14
1685,,24,2014-08-15
1686,,5,2014-08-16
1687,,13,2014-08-17
1688,,47,2014-08-18
1689,,43,2014-08-19
1690,,41,2014-08-20
1691,,58,2014-08-21
1692,,13,2014-08-22
1693,,9,2014-08-23
1694,,19,2014-08-24
1695,,61,2014-08-25
1696,,67,2014-08-26
1697,,63,2014-08-27
1698,,104,2014-08-28
1699,,30,2014-08-29
1700,,13,2014-08-30
1701,,9,2014-08-31
1702,,19,2014-09-01
1703,,24,2014-09-02
1704,,25,2014-09-03
1705,,72,2014-09-04
1706,,25,2014-09-05
1707,,14,2014-09-06
1708,,20,2014-09-07
1709,,28,2014-09-08
1710,,41,2014-09-09
1711,,35,2014-09-10
1712,,71,2014-09-11
1713,,35,2014-09-12
1714,,8,2014-09-13
1715,,6,2014-09-14
1716,,13,2014-09-15
1717,,24,2014-09-16
1718,,34,2014-09-17
1719,,53,2014-09-18
1720,,82,2014-09-19
1721,,21,2014-09-20
1722,,13,2014-09-21
1723,,37,2014-09-22
1724,,50,2014-09-23
1725,,70,2014-09-24
1726,,48,2014-09-25
1727,,42,2014-09-26
1728,,15,2014-09-27
1729,,26,2014-09-28
1730,,27,2014-09-29
1731,,33,2014-09-30
1732,,31,2014-10-01
1733,,27,2014-10-02
1734,,24,2014-10-03
1735,,18,2014-10-04
1736,,9,2014-10-05
1737,,64,2014-10-06
1738,,37,2014-10-07
1739,,64,2014-10-08
1740,,55,2014-10-09
1741,,67,2014-10-10
1742,,15,2014-10-11
1743,,27,2014-10-12
1744,,43,2014-10-13
1745,,51,2014-10-14
1746,,42,2014-10-15
1747,,51,2014-10-16
1748,,45,2014-10-17
1749,,26,2014-10-18
1750,,21,2014-10-19
1751,,31,2014-10-20
1752,,24,2014-10-21
1753,,18,2014-10-22
1754,,61,2014-10-23
1755,,73,2014-10-24
1756,,12,2014-10-25
1757,,9,2014-10-26
1758,,65,2014-10-27
1759,,60,2014-10-28
1760,,47,2014-10-29
1761,,48,2014-10-30
1762,,86,2014-10-31
1763,,8,2014-11-01
1764,,4,2014-11-02
1765,,62,2014-11-03
1766,,19,2014-11-04
1767,,35,2014-11-05
1768,,143,2014-11-06
1769,,13,2014-11-07
1770,,45,2014-11-08
1771,,14,2014-11-09
1772,,33,2014-11-10
1773,,26,2014-11-11
1774,,41,2014-11-12
1775,,104,2014-11-13
1776,,57,2014-11-14
1777,,10,2014-11-15
1778,,19,2014-11-16
1779,,46,2014-11-17
1780,,13,2014-11-18
1781,,64,2014-11-19
1782,,58,2014-11-20
1783,,21,2014-11-21
1784,,37,2014-11-22
1785,,7,2014-11-23
1786,,24,2014-11-24
1787,,20,2014-11-25
1788,,14,2014-11-26
1789,,6,2014-11-27
1790,,70,2014-11-28
1791,,13,2014-11-30
1792,,39,2014-12-01
1793,,72,2014-12-02
1794,,103,2014-12-03
1795,,81,2014-12-04
1796,,63,2014-12-05
1797,,15,2014-12-06
1798,,11,2014-12-07
1799,,30,2014-12-08
1800,,24,2014-12-09
1801,,171,2014-12-10
1802,,119,2014-12-11
1803,,46,2014-12-12
1804,,5,2014-12-13
1805,,14,2014-12-14
1806,,186,2014-12-15
1807,,98,2014-12-16
1808,,85,2014-12-17
1809,,26,2014-12-18
1810,,45,2014-12-19
1811,,90,2014-12-20
1812,,8,2014-12-21
1813,,25,2014-12-22
1814,,5,2014-12-23
1815,,23,2014-12-24
1816,,12,2014-12-25
1817,,25,2014-12-26
1818,,8,2014-12-27
1819,,15,2014-12-28
1820,,48,2014-12-29
1821,,47,2014-12-30
1822,,56,2014-12-31
1823,,6,2015-01-01
1824,,58,2015-01-02
1825,,14,2015-01-03
1826,,23,2015-01-04
1827,,43,2015-01-05
1828,,55,2015-01-06
1829,,150,2015-01-07
1830,,86,2015-01-08
1831,,41,2015-01-09
1832,,5,2015-01-10
1833,,8,2015-01-11
1834,,28,2015-01-12
1835,,38,2015-01-13
1836,,16,2015-01-14
1837,,16,2015-01-15
1838,,34,2015-01-16
1839,,8,2015-01-17
1840,,9,2015-01-18
1841,,9,2015-01-19
1842,,32,2015-01-20
1843,,26,2015-01-21
1844,,30,2015-01-22
1845,,48,2015-01-23
1846,,4,2015-01-24
1847,,6,2015-01-25
1848,,100,2015-01-26
1849,,6,2015-01-27
1850,,211,2015-01-28
1851,,90,2015-01-29
1852,,107,2015-01-30
1853,,11,2015-01-31
1854,,18,2015-02-01
1855,,9,2015-02-02
1856,,75,2015-02-03
1857,,87,2015-02-04
1858,,39,2015-02-05
1859,,8,2015-02-06
1860,,19,2015-02-07
1861,,9,2015-02-08
1862,,30,2015-02-09
1863,,21,2015-02-10
1864,,45,2015-02-11
1865,,54,2015-02-12
1866,,13,2015-02-13
1867,,13,2015-02-14
1868,,13,2015-02-15
1869,,9,2015-02-16
1870,,32,2015-02-17
1871,,41,2015-02-18
1872,,55,2015-02-19
1873,,96,2015-02-20
1874,,9,2015-02-21
1875,,15,2015-02-22
1876,,80,2015-02-23
1877,,96,2015-02-24
1878,,77,2015-02-25
1879,,122,2015-02-26
1880,,125,2015-02-27
1881,,27,2015-02-28
1882,,6,2015-03-01
1883,,123,2015-03-02
1884,,117,2015-03-03
1885,,91,2015-03-04
1886,,88,2015-03-05
1887,,23,2015-03-06
1888,,4,2015-03-07
1889,,10,2015-03-08
1890,,88,2015-03-09
1891,,177,2015-03-10
1892,,96,2015-03-11
1893,,86,2015-03-12
1894,,44,2015-03-13
1895,,56,2015-03-14
1896,,18,2015-03-15
1897,,33,2015-03-16
1898,,66,2015-03-17
1899,,79,2015-03-18
1900,,96,2015-03-19
1901,,119,2015-03-20
1902,,19,2015-03-21
1903,,11,2015-03-22
1904,,159,2015-03-23
1905,,45,2015-03-24
1906,,79,2015-03-25
1907,,51,2015-03-26
1908,,79,2015-03-27
1909,,24,2015-03-28
1910,,7,2015-03-29
1911,,110,2015-03-30
1912,,79,2015-03-31
1913,,65,2015-04-01
1914,,38,2015-04-02
1915,,54,2015-04-03
1916,,17,2015-04-04
1917,,9,2015-04-05
1918,,23,2015-04-06
1919,,45,2015-04-07
1920,,181,2015-04-08
1921,,71,2015-04-09
1922,,54,2015-04-10
1923,,15,2015-04-11
1924,,11,2015-04-12
1925,,37,2015-04-13
1926,,56,2015-04-14
1927,,132,2015-04-15
1928,,35,2015-04-16
1929,,75,2015-04-17
1930,,18,2015-04-18
1931,,30,2015-04-19
1932,,18,2015-04-20
1933,,25,2015-04-21
1934,,61,2015-04-22
1935,,58,2015-04-23
1936,,28,2015-04-24
1937,,14,2015-04-25
1938,,23,2015-04-26
1939,,20,2015-04-27
1940,,27,2015-04-28
1941,,92,2015-04-29
1942,,28,2015-04-30
1943,,31,2015-05-01
1944,,15,2015-05-02
1945,,16,2015-05-03
1946,,36,2015-05-04
1947,,34,2015-05-05
1948,,92,2015-05-06
1949,,14,2015-05-07
1950,,15,2015-05-08
1951,,19,2015-05-09
1952,,11,2015-05-10
1953,,28,2015-05-11
1954,,61,2015-05-12
1955,,47,2015-05-13
1956,,52,2015-05-14
1957,,29,2015-05-15
1958,,14,2015-05-16
1959,,11,2015-05-17
1960,,37,2015-05-18
1961,,35,2015-05-19
1962,,27,2015-05-20
1963,,30,2015-05-21
1964,,16,2015-05-22
1965,,6,2015-05-23
1966,,3,2015-05-24
1967,,11,2015-05-25
1968,,88,2015-05-26
1969,,36,2015-05-27
1970,,46,2015-05-28
1971,,15,2015-05-29
1972,,9,2015-05-30
1973,,28,2015-05-31
1974,,34,2015-06-01
1975,,43,2015-06-02
1976,,26,2015-06-03
1977,,74,2015-06-04
1978,,43,2015-06-05
1979,,6,2015-06-06
1980,,42,2015-06-07
1981,,40,2015-06-08
1982,,67,2015-06-09
1983,,47,2015-06-10
1984,,30,2015-06-11
1985,,58,2015-06-12
1986,,20,2015-06-13
1987,,16,2015-06-14
1988,,41,2015-06-15
1989,,72,2015-06-16
1990,,44,2015-06-17
1991,,75,2015-06-18
1992,,71,2015-06-19
1993,,18,2015-06-20
1994,,6,2015-06-21
1995,,30,2015-06-22
1996,,61,2015-06-23
1997,,313,2015-06-24
1998,,75,2015-06-25
1999,,28,2015-06-26
2000,,16,2015-06-27
2001,,7,2015-06-28
2002,,75,2015-06-29
2003,,51,2015-06-30
2004,,37,2015-07-01
2005,,44,2015-07-02
2006,,9,2015-07-03
2007,,2,2015-07-04
2008,,6,2015-07-05
2009,,61,2015-07-06
2010,,62,2015-07-07
2011,,43,2015-07-08
2012,,70,2015-07-09
2013,,25,2015-07-10
2014,,18,2015-07-11
2015,,10,2015-07-12
2016,,21,2015-07-13
2017,,61,2015-07-14
2018,,53,2015-07-15
2019,,31,2015-07-16
2020,,59,2015-07-17
2021,,14,2015-07-18
2022,,18,2015-07-19
2023,,15,2015-07-20
2024,,49,2015-07-21
2025,,29,2015-07-22
2026,,46,2015-07-23
2027,,36,2015-07-24
2028,,8,2015-07-25
2029,,12,2015-07-26
2030,,29,2015-07-27
2031,,17,2015-07-28
2032,,25,2015-07-29
2033,,54,2015-07-30
2034,,43,2015-07-31
2035,,15,2015-08-01
2036,,10,2015-08-02
2037,,33,2015-08-03
2038,,11,2015-08-04
2039,,29,2015-08-05
2040,,30,2015-08-06
2041,,58,2015-08-07
2042,,14,2015-08-08
2043,,5,2015-08-09
2044,,52,2015-08-10
2045,,19,2015-08-11
2046,,34,2015-08-12
2047,,33,2015-08-13
2048,,41,2015-08-14
2049,,11,2015-08-15
2050,,19,2015-08-16
2051,,29,2015-08-17
2052,,34,2015-08-18
2053,,32,2015-08-19
2054,,30,2015-08-20
2055,,22,2015-08-21
2056,,10,2015-08-22
2057,,3,2015-08-23
2058,,55,2015-08-24
2059,,40,2015-08-25
2060,,47,2015-08-26
2061,,43,2015-08-27
2062,,25,2015-08-28
2063,,8,2015-08-29
2064,,6,2015-08-30
2065,,48,2015-08-31
2066,,28,2015-09-01
2067,,23,2015-09-02
2068,,37,2015-09-03
2069,,32,2015-09-04
2070,,6,2015-09-05
2071,,10,2015-09-06
2072,,3,2015-09-07
2073,,43,2015-09-08
2074,,28,2015-09-09
2075,,28,2015-09-10
2076,,21,2015-09-11
2077,,29,2015-09-12
2078,,17,2015-09-13
2079,,46,2015-09-14
2080,,22,2015-09-15
2081,,22,2015-09-16
2082,,33,2015-09-17
2083,,42,2015-09-18
2084,,14,2015-09-19
2085,,10,2015-09-20
2086,,28,2015-09-21
2087,,25,2015-09-22
2088,,16,2015-09-23
2089,,25,2015-09-24
2090,,18,2015-09-25
2091,,8,2015-09-26
2092,,16,2015-09-27
2093,,33,2015-09-28
2094,,14,2015-09-29
2095,,23,2015-09-30
2096,,21,2015-10-01
2097,,14,2015-10-02
2098,,3,2015-10-03
2099,,16,2015-10-04
2100,,59,2015-10-05
2101,,55,2015-10-06
2102,,24,2015-10-07
2103,,48,2015-10-08
2104,,21,2015-10-09
2105,,16,2015-10-10
2106,,19,2015-10-11
2107,,74,2015-10-12
2108,,119,2015-10-13
2109,,87,2015-10-14
2110,,100,2015-10-15
2111,,27,2015-10-16
2112,,23,2015-10-17
2113,,8,2015-10-18
2114,,38,2015-10-19
2115,,21,2015-10-20
2116,,26,2015-10-21
2117,,41,2015-10-22
2118,,23,2015-10-23
2119,,22,2015-10-24
2120,,32,2015-10-25
2121,,30,2015-10-26
2122,,24,2015-10-27
2123,,18,2015-10-28
2124,,21,2015-10-29
2125,,26,2015-10-30
2126,,26,2015-10-31
2127,,47,2015-11-01
2128,,63,2015-11-02
2129,,28,2015-11-03
2130,,25,2015-11-04
2131,,25,2015-11-05
2132,,27,2015-11-06
2133,,8,2015-11-07
2134,,22,2015-11-08
2135,,61,2015-11-09
2136,,27,2015-11-10
2137,,18,2015-11-11
2138,,123,2015-11-12
2139,,62,2015-11-13
2140,,32,2015-11-14
2141,,2,2015-11-15
2142,,26,2015-11-16
2143,,49,2015-11-17
2144,,78,2015-11-18
2145,,32,2015-11-19
2146,,37,2015-11-20
2147,,22,2015-11-21
2148,,2,2015-11-22
2149,,33,2015-11-23
2150,,23,2015-11-24
2151,,25,2015-11-25
2152,,8,2015-11-26
2153,,11,2015-11-27
2154,,5,2015-11-28
2155,,5,2015-11-29
2156,,48,2015-11-30
2157,,31,2015-12-01
2158,,30,2015-12-02
2159,,25,2015-12-03
2160,,37,2015-12-04
2161,,11,2015-12-05
2162,,7,2015-12-06
2163,,30,2015-12-07
2164,,18,2015-12-08
2165,,22,2015-12-09
2166,,24,2015-12-10
2167,,8,2015-12-11
2168,,14,2015-12-12
2169,,19,2015-12-13
2170,,62,2015-12-14
2171,,45,2015-12-15
2172,,24,2015-12-16
2173,,6,2015-12-17
2174,,32,2015-12-18
2175,,5,2015-12-19
2176,,10,2015-12-20
2177,,22,2015-12-21
2178,,17,2015-12-22
2179,,10,2015-12-23
2180,,17,2015-12-24
2181,,24,2015-12-25
2182,,8,2015-12-26
2183,,9,2015-12-27
2184,,18,2015-12-28
2185,,29,2015-12-29
2186,,21,2015-12-30
2187,,34,2015-12-31
2188,,5,2016-01-01
2189,,10,2016-01-02
2190,,15,2016-01-03
2191,,68,2016-01-04
2192,,28,2016-01-05
2193,,17,2016-01-06
2194,,34,2016-01-07
2195,,25,2016-01-08
2196,,37,2016-01-09
2197,,10,2016-01-10
2198,,64,2016-01-11
2199,,10,2016-01-12
2200,,25,2016-01-13
2201,,28,2016-01-14
2202,,89,2016-01-15
2203,,18,2016-01-16
2204,,3,2016-01-17
2205,,10,2016-01-18
2206,,74,2016-01-19
2207,,146,2016-01-20
2208,,48,2016-01-21
2209,,37,2016-01-22
2210,,14,2016-01-23
2211,,8,2016-01-24
2212,,119,2016-01-25
2213,,135,2016-01-26
2214,,37,2016-01-27
2215,,47,2016-01-28
2216,,86,2016-01-29
2217,,47,2016-01-30
2218,,15,2016-01-31
2219,,76,2016-02-01
2220,,91,2016-02-02
2221,,71,2016-02-03
2222,,62,2016-02-04
2223,,137,2016-02-05
2224,,9,2016-02-06
2225,,22,2016-02-07
2226,,38,2016-02-08
2227,,112,2016-02-09
2228,,112,2016-02-10
2229,,181,2016-02-11
2230,,226,2016-02-12
2231,,25,2016-02-13
2232,,4,2016-02-14
2233,,30,2016-02-15
2234,,140,2016-02-16
2235,,132,2016-02-17
2236,,206,2016-02-18
2237,,79,2016-02-19
2238,,5,2016-02-20
2239,,15,2016-02-21
2240,,80,2016-02-22
2241,,80,2016-02-23
2242,,82,2016-02-24
2243,,119,2016-02-25
2244,,133,2016-02-26
2245,,28,2016-02-27
2246,,9,2016-02-28
2247,,55,2016-02-29
2248,,27,2016-03-01
2249,,30,2016-03-02
2250,,38,2016-03-03
2251,,61,2016-03-04
2252,,12,2016-03-05
2253,,25,2016-03-06
2254,,42,2016-03-07
2255,,82,2016-03-08
2256,,66,2016-03-09
2257,,33,2016-03-10
2258,,42,2016-03-11
2259,,5,2016-03-12
2260,,16,2016-03-13
2261,,42,2016-03-14
2262,,106,2016-03-15
2263,,76,2016-03-16
2264,,56,2016-03-17
2265,,25,2016-03-18
2266,,17,2016-03-19
2267,,1,2016-03-20
